Column11,Column1
"",1
"",10
"",100
"",101
"",102
"",103
"",105
"",109
"",11
"",110
"",111
"",112
"",113
"",116
"",117
"",118
"",119
"",121
"",122
"",123
"",124
"",125
"",127
"",129
"",13
"",130
"",131
"",132
"",133
"",135
"",137
"",138
"",139
"",14
"",142
"",143
"",144
"",148
"",149
"",150
"",151
"",152
"",154
"",155
"",156
"",157
"",158
"",16
"",160
"",161
"",162
"",163
"",165
"",166
"",167
"",168
"",169
"",17
"",170
"",172
"",173
"",174
"",176
"",177
"",178
"",179
"",18
"",180
"",181
"",182
"",183
"",184
"",185
"",186
"",187
"",188
"",189
"",190
"",191
"",192
"",193
"",194
"",195
"",196
"",197
"",198
"",199
"",2
"",200
"",201
"",202
"",203
"",204
"",205
"",207
"",208
"",209
"",21
"",210
"",211
"",212
"",213
"",214
"",215
"",216
"",217
"",218
"",219
"",22
"",220
"",221
"",223
"",224
"",225
"",226
"",227
"",229
"",23
"",230
"",231
"",233
"",234
"",236
"",237
"",239
"",24
"",241
"",242
"",243
"",244
"",245
"",246
"",248
"",249
"",25
"",251
"",252
"",255
"",256
"",257
"",258
"",259
"",26
"",260
"",261
"",262
"",263
"",264
"",265
"",266
"",267
"",269
"",27
"",270
"",271
"",272
"",273
"",274
"",276
"",277
"",279
"",28
"",280
"",281
"",282
"",283
"",284
"",285
"",286
"",287
"",288
"",289
"",29
"",290
"",291
"",292
"",293
"",294
"",295
"",296
"",299
"",3
"",300
"",301
"",302
"",303
"",304
"",305
"",306
"",307
"",309
"",31
"",310
"",311
"",312
"",315
"",317
"",319
"",32
"",320
"",321
"",322
"",323
"",324
"",325
"",326
"",327
"",328
"",330
"",331
"",332
"",333
"",334
"",335
"",336
"",337
"",338
"",34
"",340
"",342
"",343
"",344
"",345
"",346
"",347
"",35
"",350
"",352
"",353
"",354
"",355
"",357
"",358
"",359
"",36
"",360
"",361
"",362
"",363
"",364
"",366
"",367
"",368
"",369
"",37
"",371
"",373
"",374
"",375
"",376
"",377
"",379
"",38
"",381
"",382
"",383
"",385
"",386
"",387
"",39
"",390
"",391
"",392
"",394
"",395
"",396
"",399
"",4
"",400
"",402
"",403
"",404
"",405
"",406
"",408
"",409
"",410
"",411
"",413
"",414
"",415
"",417
"",418
"",419
"",420
"",421
"",425
"",426
"",427
"",428
"",429
"",430
"",431
"",432
"",433
"",434
"",436
"",437
"",438
"",439
"",44
"",441
"",442
"",443
"",444
"",445
"",446
"",447
"",448
"",449
"",45
"",450
"",451
"",452
"",453
"",454
"",455
"",456
"",457
"",458
"",459
"",46
"",460
"",461
"",462
"",463
"",464
"",465
"",466
"",467
"",468
"",469
"",47
"",470
"",471
"",473
"",474
"",475
"",476
"",477
"",478
"",479
"",48
"",480
"",481
"",482
"",483
"",484
"",485
"",486
"",487
"",488
"",489
"",49
"",490
"",491
"",492
"",494
"",496
"",497
"",498
"",499
"",5
"",502
"",503
"",505
"",506
"",507
"",51
"",510
"",511
"",512
"",513
"",514
"",517
"",518
"",519
"",52
"",520
"",521
"",523
"",524
"",525
"",526
"",527
"",528
"",529
"",531
"",533
"",534
"",535
"",536
"",537
"",538
"",54
"",56
"",57
"",58
"",6
"",60
"",61
"",62
"",63
"",64
"",65
"",66
"",67
"",68
"",69
"",7
"",70
"",71
"",72
"",73
"",74
"",76
"",77
"",78
"",79
"",8
"",80
"",81
"",83
"",84
"",85
"",86
"",88
"",9
"",90
"",91
"",92
"",93
"",94
"",97
"",98
"",99
